Sex,Age,Smoking.Status,Height,Weight,BMI,DM,HTN,Score.Befor,Score.After
Male,40,Previous,177.50,78,24.76,No,Yes,10,15
Male,44,Never,170.43,90,30.98,Yes,Yes,3,12
Female,56,Current,157.65,60,24.14,No,No,4,11
Male,30,Current,180.34,75,23.06,No,No,5,9
Male,40,Previous,178.98,80,24.97,No,Yes,6,8
Female,45,Never,155.67,45,18.57,No,Yes,7,8
Female,24,Never,163.67,56,20.90,No,No,5,7
Female,29,Never,160.78,68,26.31,No,No,6,8
Female,67,Previous,158.68,55,21.84,No,No,4,9
Male,66,Current,169.45,68,23.68,No,No,6,11
Female,65,Current,171.66,78,26.47,Yes,No,5,10
Male,54,Never,177.43,95,30.18,Yes,No,4,13
Male,34,Never,169.32,89,31.04,Yes,Yes,5,9
Male,42,Previous,181.24,80,24.35,No,No,7,12
Female,34,Previous,163.97,62,23.06,Yes,Yes,7,13
Female,40,Never,167.55,50,17.81,No,No,8,12
Male,28,Never,177.23,70,22.29,Yes,Yes,8,14
Male,35,Current,178.87,78,24.38,No,No,9,12
Female,47,Current,157.76,49,19.69,Yes,Yes,4,13
Male,63,Never,178.34,70,22.01,No,Yes,7,12
Male,59,Previous,181.43,89,27.04,Yes,No,3,16
Male,42,Never,176.13,76,24.50,No,No,4,11
Female,22,Previous,158.87,60,23.77,No,No,5,12
Female,26,Never,168,56,19.84,No,Yes,6,11
Male,45,Previous,169,80,28.01,Yes,No,7,13
Male,65,Previous,172,78,26.37,Yes,No,8,10
Female,52,Never,162,90,34.29,No,Yes,8,9
Male,41,Never,178,60,18.94,Yes,No,9,10
Female,62,Current,165,75,27.55,No,Yes,9,11
Female,34,Current,158,80,32.05,Yes,No,7,13
Male,30,Never,192,45,12.21,No,No,7,14
Female,27,Previous,150,56,24.89,Yes,Yes,7,17
Male,53,Previous,174,68,22.46,No,Yes,6,11
Male,47,Never,173,55,18.38,No,No,5,12
Female,42,Current,158,68,27.24,No,No,4,10
Female,35,Never,168,78,27.64,Yes,No,4,12
Female,38,Never,163,95,35.76,Yes,Yes,4,13
Male,41,Current,181,80,24.42,Yes,No,4,9
Female,29,Never,163,62,23.34,Yes,Yes,5,9
Male,33,Current,178,50,15.78,No,No,3,9
Female,48,Current,157,70,28.40,No,No,3,12
Male,64,Current,179,78,24.34,No,No,5,13
Male,65,Previous,174,49,16.18,Yes,Yes,7,12
Female,56,Previous,157,70,28.40,No,Yes,7,12
Female,45,Current,161,89,34.34,Yes,No,8,9
Male,48,Never,176,76,24.54,No,No,6,9
Male,38,Current,182,60,18.11,No,Yes,5,10
Female,25,Previous,152,56,24.24,Yes,No,5,11
Female,37,Current,165,80,29.38,No,No,4,13
Male,67,Never,173,78,26.06,Yes,Yes,4,12
Male,48,Previous,179,90,28.09,No,No,3,14
Female,36,Previous,159,67,26.50,No,No,3,12
Female,47,Never,163,56,21.08,No,No,5,13
Male,35,Current,178,78,24.62,Yes,Yes,6,9
Female,42,Current,167,67,24.02,Yes,Yes,8,13
Male,64,Never,178,56,17.67,No,Yes,8,12
Male,37,Previous,174,57,18.83,No,No,5,11
Female,24,Never,162,86,32.77,No,No,4,10
Male,37,Current,174,76,25.10,No,No,6,9
Female,26,Never,164,67,24.91,Yes,No,3,9
Male,39,Current,177,78,24.90,No,Yes,4,12
Female,53,Never,167,76,27.25,Yes,Yes,5,13
Male,52,Previous,179,74,23.10,No,No,7,14
Male,56,Never,175,77,25.14,Yes,No,7,12
Female,34,Current,158,68,27.24,No,No,8,11
Male,52,Never,175,65,21.22,Yes,No,8,11
Female,74,Current,162,46,17.53,No,Yes,7,14
Male,23,Previous,179,65,20.29,Yes,No,7,13
Male,45,Previous,174,92,30.39,Yes,Yes,7,13
Female,65,Current,160,65,25.39,No,No,6,12
Female,45,Current,153,76,32.47,Yes,Yes,6,5
Female,47,Current,167,65,23.31,Yes,No,5,13
Male,34,Never,183,68,20.31,No,Yes,6,12
Male,23,Previous,176,75,24.21,No,No,6,12
Female,45,Previous,150,59,26.22,No,No,7,14
Female,65,Never,158,68,27.24,Yes,No,8,8
Male,43,Previous,174,76,25.10,No,Yes,7,9
Female,42,Never,157,56,22.72,Yes,No,8,9
Male,22,Previous,177,68,21.71,No,Yes,8,8
Female,34,Current,159,67,26.50,Yes,No,7,7
Male,47,Never,175,64,20.90,Yes,Yes,6,13
Female,58,Current,156,73,30.00,No,No,5,12
Male,62,Never,185,90,26.30,Yes,No,5,13
Female,42,Previous,151,87,38.16,No,No,4,14
Male,47,Never,176,67,21.63,No,Yes,4,12
Female,35,Current,160,65,25.39,No,Yes,3,3
Male,49,Never,177,64,20.43,Yes,Yes,4,11
Male,54,Previous,180,75,23.15,Yes,No,5,10
Female,37,Never,158,78,31.24,Yes,No,6,4
Male,49,Current,178,79,24.93,No,No,6,9
Female,47,Current,160.45,75,29.13,No,No,5,9
Male,26,Never,179.23,65,20.23,No,Yes,5,12
Male,35,Previous,174.74,64,20.96,Yes,No,4,13
Female,64,Never,162.34,65,24.66,No,Yes,5,13
Female,52,Previous,167.75,58,20.61,No,No,5,4
Male,41,Never,179.9,76,23.48,No,Yes,6,14
Male,46,Previous,165.78,78,28.38,No,No,7,13
Male,36,Current,170.56,77,26.47,Yes,No,8,12
Female,37,Current,163.21,76,28.53,No,No,8,16
Male,45,Never,170.45,80,27.54,Yes,No,9,8
